"data";"uso";"ano";"mes"
"2012-11-13";1;2012;11
"2012-11-20";1;2012;11
"2012-11-21";6;2012;11
"2012-11-22";12;2012;11
"2012-11-23";3;2012;11
"2012-11-26";5;2012;11
"2012-11-27";1;2012;11
"2012-11-30";1;2012;11
"2012-12-03";1;2012;12
"2012-12-04";2;2012;12
"2012-12-05";3;2012;12
"2012-12-10";5;2012;12
"2012-12-12";3;2012;12
"2012-12-14";2;2012;12
"2012-12-17";2;2012;12
"2012-12-18";11;2012;12
"2012-12-19";34;2012;12
"2012-12-20";2;2012;12
"2012-12-21";4;2012;12
"2012-12-22";1;2012;12
"2013-01-07";5;2013;1
"2013-01-08";2;2013;1
"2013-01-11";2;2013;1
"2013-01-14";2;2013;1
"2013-01-15";7;2013;1
"2013-01-16";3;2013;1
"2013-01-17";1;2013;1
"2013-01-22";4;2013;1
"2013-01-23";20;2013;1
"2013-01-24";2;2013;1
"2013-01-25";11;2013;1
"2013-01-29";45;2013;1
"2013-01-30";36;2013;1
"2013-01-31";13;2013;1
"2013-02-04";2;2013;2
"2013-02-05";3;2013;2
"2013-02-06";18;2013;2
"2013-02-15";2;2013;2
"2013-02-18";5;2013;2
"2013-02-20";1;2013;2
"2013-02-21";2;2013;2
"2013-02-26";1;2013;2
"2013-03-04";2;2013;3
"2013-03-05";3;2013;3
"2013-03-12";1;2013;3
"2013-03-19";29;2013;3
"2013-03-20";23;2013;3
"2013-03-21";11;2013;3
"2013-03-22";4;2013;3
"2013-03-25";2;2013;3
"2013-03-28";2;2013;3
"2013-04-02";4;2013;4
"2013-04-03";14;2013;4
"2013-04-04";28;2013;4
"2013-04-05";176;2013;4
"2013-04-06";14;2013;4
"2013-04-07";15;2013;4
"2013-04-08";68;2013;4
"2013-04-09";23;2013;4
"2013-04-10";26;2013;4
"2013-04-11";24;2013;4
"2013-04-12";1917;2013;4
"2013-04-13";1480;2013;4
"2013-04-14";1602;2013;4
"2013-04-15";13514;2013;4
"2013-04-16";13831;2013;4
"2013-04-17";14036;2013;4
"2013-04-18";14038;2013;4
"2013-04-19";2157;2013;4
"2013-04-20";1437;2013;4
"2013-04-21";1741;2013;4
"2013-04-22";3343;2013;4
"2013-04-23";3188;2013;4
"2013-04-24";3228;2013;4
"2013-04-25";3160;2013;4
"2013-04-26";2423;2013;4
"2013-04-27";1387;2013;4
"2013-04-28";1913;2013;4
"2013-04-29";3133;2013;4
"2013-04-30";1936;2013;4
"2013-05-01";2364;2013;5
"2013-05-02";3254;2013;5
"2013-05-03";2333;2013;5
"2013-05-04";1686;2013;5
"2013-05-05";1911;2013;5
"2013-05-06";3350;2013;5
"2013-05-07";3597;2013;5
"2013-05-08";3738;2013;5
"2013-05-09";3554;2013;5
"2013-05-10";2931;2013;5
"2013-05-11";1598;2013;5
"2013-05-12";1837;2013;5
"2013-05-13";5131;2013;5
"2013-05-14";6042;2013;5
"2013-05-15";5151;2013;5
"2013-05-16";4142;2013;5
"2013-05-17";4452;2013;5
"2013-05-18";3263;2013;5
"2013-05-19";3258;2013;5
"2013-05-20";5046;2013;5
"2013-05-21";3912;2013;5
"2013-05-22";4229;2013;5
"2013-05-23";3197;2013;5
"2013-05-24";2916;2013;5
"2013-05-25";1826;2013;5
"2013-05-26";1560;2013;5
"2013-05-27";4032;2013;5
"2013-05-28";3779;2013;5
"2013-05-29";3300;2013;5
"2013-05-30";2186;2013;5
"2013-05-31";2393;2013;5
"2013-06-01";1749;2013;6
"2013-06-02";2164;2013;6
"2013-06-03";4012;2013;6
"2013-06-04";3969;2013;6
"2013-06-05";3757;2013;6
"2013-06-06";3786;2013;6
"2013-06-07";3436;2013;6
"2013-06-08";1899;2013;6
"2013-06-09";2180;2013;6
"2013-06-10";3836;2013;6
"2013-06-11";4242;2013;6
"2013-06-12";4892;2013;6
"2013-06-13";4143;2013;6
"2013-06-14";4535;2013;6
"2013-06-15";2075;2013;6
"2013-06-16";2083;2013;6
"2013-06-17";4629;2013;6
"2013-06-18";4594;2013;6
"2013-06-19";4180;2013;6
"2013-06-20";3624;2013;6
"2013-06-21";3534;2013;6
"2013-06-22";1584;2013;6
"2013-06-23";1802;2013;6
"2013-06-24";3699;2013;6
"2013-06-25";3686;2013;6
"2013-06-26";3197;2013;6
"2013-06-27";3043;2013;6
"2013-06-28";2995;2013;6
"2013-06-29";1443;2013;6
"2013-06-30";1671;2013;6
"2013-07-01";3654;2013;7
"2013-07-02";3057;2013;7
"2013-07-03";3290;2013;7
"2013-07-04";3339;2013;7
"2013-07-05";2830;2013;7
"2013-07-06";1675;2013;7
"2013-07-07";1813;2013;7
"2013-07-08";4447;2013;7
"2013-07-09";3690;2013;7
"2013-07-10";3774;2013;7
"2013-07-11";3496;2013;7
"2013-07-12";2742;2013;7
"2013-07-13";1553;2013;7
"2013-07-14";1921;2013;7
"2013-07-15";4090;2013;7
"2013-07-16";3960;2013;7
"2013-07-17";3857;2013;7
"2013-07-18";3525;2013;7
"2013-07-19";3343;2013;7
"2013-07-20";1690;2013;7
"2013-07-21";2015;2013;7
"2013-07-22";4659;2013;7
"2013-07-23";3890;2013;7
"2013-07-24";3870;2013;7
"2013-07-25";3788;2013;7
"2013-07-26";3340;2013;7
"2013-07-27";1759;2013;7
"2013-07-28";2115;2013;7
"2013-07-29";4247;2013;7
"2013-07-30";4113;2013;7
"2013-07-31";4133;2013;7
"2013-08-01";3541;2013;8
"2013-08-02";3447;2013;8
"2013-08-03";1971;2013;8
"2013-08-04";2404;2013;8
"2013-08-05";4407;2013;8
"2013-08-06";4835;2013;8
"2013-08-07";6012;2013;8
"2013-08-08";4770;2013;8
"2013-08-09";3143;2013;8
"2013-08-10";1742;2013;8
"2013-08-11";1648;2013;8
"2013-08-12";4539;2013;8
"2013-08-13";4864;2013;8
"2013-08-14";4350;2013;8
"2013-08-15";3979;2013;8
"2013-08-16";3207;2013;8
"2013-08-17";1816;2013;8
"2013-08-18";2345;2013;8
"2013-08-19";4865;2013;8
"2013-08-20";4204;2013;8
"2013-08-21";4326;2013;8
"2013-08-22";4085;2013;8
"2013-08-23";3279;2013;8
"2013-08-24";2081;2013;8
"2013-08-25";2100;2013;8
"2013-08-26";4380;2013;8
"2013-08-27";3953;2013;8
"2013-08-28";3842;2013;8
"2013-08-29";3841;2013;8
"2013-08-30";2963;2013;8
"2013-08-31";1452;2013;8
"2013-09-01";1887;2013;9
"2013-09-02";3964;2013;9
"2013-09-03";4193;2013;9
"2013-09-04";4311;2013;9
"2013-09-05";4962;2013;9
"2013-09-06";3423;2013;9
"2013-09-07";1863;2013;9
"2013-09-08";2173;2013;9
"2013-09-09";5028;2013;9
"2013-09-10";4787;2013;9
"2013-09-11";4901;2013;9
"2013-09-12";4847;2013;9
"2013-09-13";3732;2013;9
"2013-09-14";2172;2013;9
"2013-09-15";2372;2013;9
"2013-09-16";35499;2013;9
"2013-09-17";4770;2013;9
"2013-09-18";4699;2013;9
"2013-09-19";5019;2013;9
"2013-09-20";3179;2013;9
"2013-09-21";167;2013;9
"2013-09-22";248;2013;9
"2013-09-23";4384;2013;9
"2013-09-24";4316;2013;9
"2013-09-25";4437;2013;9
"2013-09-26";4380;2013;9
"2013-09-27";3469;2013;9
"2013-09-28";2212;2013;9
"2013-09-29";2482;2013;9
"2013-09-30";5112;2013;9
"2013-10-01";4518;2013;10
"2013-10-02";4695;2013;10
"2013-10-03";4149;2013;10
"2013-10-04";4072;2013;10
"2013-10-05";2097;2013;10
"2013-10-06";2381;2013;10
"2013-10-07";4913;2013;10
"2013-10-08";4782;2013;10
"2013-10-09";4410;2013;10
"2013-10-10";4187;2013;10
"2013-10-11";3261;2013;10
"2013-10-12";1812;2013;10
"2013-10-13";2387;2013;10
"2013-10-14";5095;2013;10
"2013-10-15";5126;2013;10
"2013-10-16";4722;2013;10
"2013-10-17";4801;2013;10
"2013-10-18";4439;2013;10
"2013-10-19";2561;2013;10
"2013-10-20";2841;2013;10
"2013-10-21";5979;2013;10
"2013-10-22";5958;2013;10
"2013-10-23";5647;2013;10
"2013-10-24";4659;2013;10
"2013-10-25";4430;2013;10
"2013-10-26";2766;2013;10
"2013-10-27";2907;2013;10
"2013-10-28";5970;2013;10
"2013-10-29";5842;2013;10
"2013-10-30";20168;2013;10
"2013-10-31";3350;2013;10
"2013-11-01";3351;2013;11
"2013-11-02";2170;2013;11
"2013-11-03";2455;2013;11
"2013-11-04";4732;2013;11
"2013-11-05";4827;2013;11
"2013-11-06";3838;2013;11
"2013-11-07";4724;2013;11
"2013-11-08";4321;2013;11
"2013-11-09";2442;2013;11
"2013-11-10";2490;2013;11
"2013-11-11";5088;2013;11
"2013-11-12";4629;2013;11
"2013-11-13";3878;2013;11
"2013-11-14";3612;2013;11
"2013-11-15";1863;2013;11
"2013-11-16";2190;2013;11
"2013-11-17";2461;2013;11
"2013-11-18";5286;2013;11
"2013-11-19";5734;2013;11
"2013-11-20";4947;2013;11
"2013-11-21";6364;2013;11
"2013-11-22";4795;2013;11
"2013-11-23";4391;2013;11
"2013-11-24";4012;2013;11
"2013-11-25";5676;2013;11
"2013-11-26";5635;2013;11
"2013-11-27";4006;2013;11
"2013-11-28";3496;2013;11
"2013-11-29";2821;2013;11
"2013-11-30";2142;2013;11
"2013-12-01";2191;2013;12
"2013-12-02";5299;2013;12
"2013-12-03";4790;2013;12
"2013-12-04";4667;2013;12
"2013-12-05";4208;2013;12
"2013-12-06";4047;2013;12
"2013-12-07";1753;2013;12
"2013-12-08";2086;2013;12
"2013-12-09";6106;2013;12
"2013-12-10";5022;2013;12
"2013-12-11";5264;2013;12
"2013-12-12";4460;2013;12
"2013-12-13";3549;2013;12
"2013-12-14";1843;2013;12
"2013-12-15";2171;2013;12
"2013-12-16";4729;2013;12
"2013-12-17";5350;2013;12
"2013-12-18";4300;2013;12
"2013-12-19";4061;2013;12
"2013-12-20";4017;2013;12
"2013-12-21";2100;2013;12
"2013-12-22";1743;2013;12
"2013-12-23";2884;2013;12
"2013-12-24";1518;2013;12
"2013-12-25";1502;2013;12
"2013-12-26";3721;2013;12
"2013-12-27";3350;2013;12
"2013-12-28";2134;2013;12
"2013-12-29";1958;2013;12
"2013-12-30";2632;2014;12
"2013-12-31";1524;2014;12
"2014-01-01";1614;2014;1
"2014-01-02";4139;2014;1
"2014-01-03";4300;2014;1
"2014-01-04";2594;2014;1
"2014-01-05";3076;2014;1
"2014-01-06";5010;2014;1
"2014-01-07";5356;2014;1
"2014-01-08";5535;2014;1
"2014-01-09";5193;2014;1
"2014-01-10";5516;2014;1
"2014-01-11";3805;2014;1
"2014-01-12";4262;2014;1
"2014-01-13";6635;2014;1
"2014-01-14";6004;2014;1
"2014-01-15";5982;2014;1
"2014-01-16";6428;2014;1
"2014-01-17";5325;2014;1
"2014-01-18";3443;2014;1
"2014-01-19";4288;2014;1
"2014-01-20";6799;2014;1
"2014-01-21";6425;2014;1
"2014-01-22";6298;2014;1
"2014-01-23";6296;2014;1
"2014-01-24";6124;2014;1
"2014-01-25";4593;2014;1
"2014-01-26";4508;2014;1
"2014-01-27";8087;2014;1
"2014-01-28";7188;2014;1
"2014-01-29";7091;2014;1
"2014-01-30";8055;2014;1
"2014-01-31";6878;2014;1
"2014-02-01";5757;2014;2
"2014-02-02";4817;2014;2
"2014-02-03";8789;2014;2
"2014-02-04";9086;2014;2
"2014-02-05";8641;2014;2
"2014-02-06";8085;2014;2
"2014-02-07";7319;2014;2
"2014-02-08";4726;2014;2
"2014-02-09";4995;2014;2
"2014-02-10";8651;2014;2
"2014-02-11";7200;2014;2
"2014-02-12";9596;2014;2
"2014-02-13";10397;2014;2
"2014-02-14";8849;2014;2
"2014-02-15";5819;2014;2
"2014-02-16";6751;2014;2
"2014-02-17";10124;2014;2
"2014-02-18";10457;2014;2
"2014-02-19";10750;2014;2
"2014-02-20";9278;2014;2
"2014-02-21";7612;2014;2
"2014-02-22";5810;2014;2
"2014-02-23";6003;2014;2
"2014-02-24";7666;2014;2
"2014-02-25";10979;2014;2
"2014-02-26";8005;2014;2
"2014-02-27";6936;2014;2
"2014-02-28";8319;2014;2
"2014-03-01";4990;2014;3
"2014-03-02";4595;2014;3
"2014-03-03";6078;2014;3
"2014-03-04";5407;2014;3
"2014-03-05";6232;2014;3
"2014-03-06";8402;2014;3
"2014-03-07";6944;2014;3
"2014-03-08";4119;2014;3
"2014-03-09";6039;2014;3
"2014-03-10";8982;2014;3
"2014-03-11";8833;2014;3
"2014-03-12";9358;2014;3
"2014-03-13";8724;2014;3
"2014-03-14";7613;2014;3
"2014-03-15";5499;2014;3
"2014-03-16";5140;2014;3
"2014-03-17";9193;2014;3
"2014-03-18";9107;2014;3
"2014-03-19";8879;2014;3
"2014-03-20";7552;2014;3
"2014-03-21";7856;2014;3
"2014-03-22";4778;2014;3
"2014-03-23";6055;2014;3
"2014-03-24";8602;2014;3
"2014-03-25";8607;2014;3
"2014-03-26";8940;2014;3
"2014-03-27";16864;2014;3
"2014-03-28";7575;2014;3
"2014-03-29";6159;2014;3
"2014-03-30";5301;2014;3
"2014-03-31";9138;2014;3
"2014-04-01";8801;2014;4
"2014-04-02";8397;2014;4
"2014-04-03";8535;2014;4
"2014-04-04";7853;2014;4
"2014-04-05";6161;2014;4
"2014-04-06";5001;2014;4
"2014-04-07";9568;2014;4
"2014-04-08";9391;2014;4
"2014-04-09";7857;2014;4
"2014-04-10";8094;2014;4
"2014-04-11";8029;2014;4
"2014-04-12";5914;2014;4
"2014-04-13";5178;2014;4
"2014-04-14";9706;2014;4
"2014-04-15";8467;2014;4
"2014-04-16";8415;2014;4
"2014-04-17";7294;2014;4
"2014-04-18";3475;2014;4
"2014-04-19";3388;2014;4
"2014-04-20";2928;2014;4
"2014-04-21";5806;2014;4
"2014-04-22";9483;2014;4
"2014-04-23";8359;2014;4
"2014-04-24";8205;2014;4
"2014-04-25";8062;2014;4
"2014-04-26";5149;2014;4
"2014-04-27";2732;2014;4
"2014-04-28";7374;2014;4
"2014-04-29";6189;2014;4
"2014-04-30";6159;2014;4
"2014-05-01";3339;2014;5
"2014-05-02";4124;2014;5
"2014-05-03";2454;2014;5
"2014-05-04";2839;2014;5
"2014-05-05";6572;2014;5
"2014-05-06";6141;2014;5
"2014-05-07";6728;2014;5
"2014-05-08";6947;2014;5
"2014-05-09";5087;2014;5
"2014-05-10";3107;2014;5
"2014-05-11";2392;2014;5
"2014-05-12";7022;2014;5
"2014-05-13";7671;2014;5
"2014-05-14";6859;2014;5
"2014-05-15";6029;2014;5
"2014-05-16";4550;2014;5
"2014-05-17";3857;2014;5
"2014-05-18";3027;2014;5
"2014-05-19";6256;2014;5
"2014-05-20";6932;2014;5
"2014-05-21";5803;2014;5
"2014-05-22";5878;2014;5
"2014-05-23";5168;2014;5
"2014-05-24";2425;2014;5
"2014-05-25";2781;2014;5
"2014-05-26";6177;2014;5
"2014-05-27";5664;2014;5
"2014-05-28";6995;2014;5
"2014-05-29";6415;2014;5
"2014-05-30";4445;2014;5
"2014-05-31";2485;2014;5
"2014-06-01";2722;2014;6
"2014-06-02";5834;2014;6
"2014-06-03";5191;2014;6
"2014-06-04";17861;2014;6
"2014-06-05";8366;2014;6
"2014-06-06";5224;2014;6
"2014-06-07";4899;2014;6
"2014-06-08";4366;2014;6
"2014-06-09";8533;2014;6
"2014-06-10";6762;2014;6
"2014-06-11";8631;2014;6
"2014-06-12";6574;2014;6
"2014-06-13";6822;2014;6
"2014-06-14";3569;2014;6
"2014-06-15";3944;2014;6
"2014-06-16";7278;2014;6
"2014-06-17";6855;2014;6
"2014-06-18";7340;2014;6
"2014-06-19";4450;2014;6
"2014-06-20";5268;2014;6
"2014-06-21";3772;2014;6
"2014-06-22";3589;2014;6
"2014-06-23";13000;2014;6
"2014-06-24";13514;2014;6
"2014-06-25";9463;2014;6
"2014-06-26";7902;2014;6
"2014-06-27";13649;2014;6
"2014-06-28";3708;2014;6
"2014-06-29";4455;2014;6
"2014-06-30";8312;2014;6
"2014-07-01";8734;2014;7
"2014-07-02";10879;2014;7
"2014-07-03";9378;2014;7
"2014-07-04";6907;2014;7
"2014-07-05";4692;2014;7
"2014-07-06";5557;2014;7
"2014-07-07";9869;2014;7
"2014-07-08";7962;2014;7
"2014-07-09";10698;2014;7
"2014-07-10";8966;2014;7
"2014-07-11";7957;2014;7
"2014-07-12";5068;2014;7
"2014-07-13";5355;2014;7
"2014-07-14";7838;2014;7
"2014-07-15";9760;2014;7
"2014-07-16";10612;2014;7
"2014-07-17";7693;2014;7
"2014-07-18";6667;2014;7
"2014-07-19";5022;2014;7
"2014-07-20";5755;2014;7
"2014-07-21";9311;2014;7
"2014-07-22";10562;2014;7
"2014-07-23";11153;2014;7
"2014-07-24";9563;2014;7
"2014-07-25";7657;2014;7
"2014-07-26";5270;2014;7
"2014-07-27";5447;2014;7
"2014-07-28";10563;2014;7
"2014-07-29";32317;2014;7
"2014-07-30";10833;2014;7
"2014-07-31";8768;2014;7
"2014-08-01";7572;2014;8
"2014-08-02";3616;2014;8
"2014-08-03";4759;2014;8
"2014-08-04";8354;2014;8
"2014-08-05";7927;2014;8
"2014-08-06";11019;2014;8
"2014-08-07";8490;2014;8
"2014-08-08";6831;2014;8
"2014-08-09";4110;2014;8
"2014-08-10";4566;2014;8
"2014-08-11";8405;2014;8
"2014-08-12";8486;2014;8
"2014-08-13";7587;2014;8
"2014-08-14";7946;2014;8
"2014-08-15";6678;2014;8
"2014-08-16";3869;2014;8
"2014-08-17";3798;2014;8
"2014-08-18";7698;2014;8
"2014-08-19";7389;2014;8
"2014-08-20";8910;2014;8
"2014-08-21";7632;2014;8
"2014-08-22";7844;2014;8
"2014-08-23";4341;2014;8
"2014-08-24";4225;2014;8
"2014-08-25";9548;2014;8
"2014-08-26";9032;2014;8
"2014-08-27";9034;2014;8
"2014-08-28";37590;2014;8
"2014-08-29";10032;2014;8
"2014-08-30";3801;2014;8
"2014-08-31";3855;2014;8
"2014-09-01";7830;2014;9
"2014-09-02";7548;2014;9
"2014-09-03";6674;2014;9
"2014-09-04";6452;2014;9
"2014-09-05";5826;2014;9
"2014-09-06";3108;2014;9
"2014-09-07";3175;2014;9
"2014-09-08";6465;2014;9
"2014-09-09";7935;2014;9
"2014-09-10";8528;2014;9
"2014-09-11";7678;2014;9
"2014-09-12";6798;2014;9
"2014-09-13";3222;2014;9
"2014-09-14";3713;2014;9
"2014-09-15";8161;2014;9
"2014-09-16";6617;2014;9
"2014-09-17";6137;2014;9
"2014-09-18";5683;2014;9
"2014-09-19";5355;2014;9
"2014-09-20";3034;2014;9
"2014-09-21";3372;2014;9
"2014-09-22";7358;2014;9
"2014-09-23";6731;2014;9
"2014-09-24";6327;2014;9
"2014-09-25";6431;2014;9
"2014-09-26";5466;2014;9
"2014-09-27";3392;2014;9
"2014-09-28";3133;2014;9
"2014-09-29";26426;2014;9
"2014-09-30";22920;2014;9
"2014-10-01";6548;2014;10
"2014-10-02";4327;2014;10
"2014-10-03";3874;2014;10
"2014-10-04";1276;2014;10
"2014-10-05";1690;2014;10
"2014-10-06";5191;2014;10
"2014-10-07";9271;2014;10
"2014-10-08";5240;2014;10
"2014-10-09";5840;2014;10
"2014-10-10";4101;2014;10
"2014-10-11";2511;2014;10
"2014-10-12";2758;2014;10
"2014-10-13";6234;2014;10
"2014-10-14";5332;2014;10
"2014-10-15";5497;2014;10
"2014-10-16";5614;2014;10
"2014-10-17";4558;2014;10
"2014-10-18";4321;2014;10
"2014-10-19";2393;2014;10
"2014-10-20";5855;2014;10
"2014-10-21";6920;2014;10
"2014-10-22";5454;2014;10
"2014-10-23";5666;2014;10
"2014-10-24";4891;2014;10
"2014-10-25";2889;2014;10
"2014-10-26";3667;2014;10
"2014-10-27";6015;2014;10
"2014-10-28";6349;2014;10
"2014-10-29";12321;2014;10
"2014-10-30";33322;2014;10
"2014-10-31";5543;2014;10
"2014-11-01";3004;2014;11
"2014-11-02";3264;2014;11
"2014-11-03";6757;2014;11
"2014-11-04";6350;2014;11
"2014-11-05";6570;2014;11
"2014-11-06";5791;2014;11
"2014-11-07";5635;2014;11
"2014-11-08";3187;2014;11
"2014-11-09";3539;2014;11
"2014-11-10";6816;2014;11
"2014-11-11";6617;2014;11
"2014-11-12";6250;2014;11
"2014-11-13";5743;2014;11
"2014-11-14";5120;2014;11
"2014-11-15";3066;2014;11
"2014-11-16";3512;2014;11
"2014-11-17";7068;2014;11
"2014-11-18";6753;2014;11
"2014-11-19";6690;2014;11
"2014-11-20";6551;2014;11
"2014-11-21";5834;2014;11
"2014-11-22";3699;2014;11
"2014-11-23";3440;2014;11
"2014-11-24";7118;2014;11
"2014-11-25";5960;2014;11
"2014-11-26";5766;2014;11
"2014-11-27";6463;2014;11
"2014-11-28";26761;2014;11
"2014-11-29";3587;2014;11
"2014-11-30";3433;2014;11
"2014-12-01";23318;2014;12
"2014-12-02";6748;2014;12
"2014-12-03";6385;2014;12
"2014-12-04";6169;2014;12
"2014-12-05";5715;2014;12
"2014-12-06";3329;2014;12
"2014-12-07";3678;2014;12
"2014-12-08";7246;2014;12
"2014-12-09";6831;2014;12
"2014-12-10";6638;2014;12
"2014-12-11";6520;2014;12
"2014-12-12";6402;2014;12
"2014-12-13";3351;2014;12
"2014-12-14";3700;2014;12
"2014-12-15";6571;2014;12
"2014-12-16";6580;2014;12
"2014-12-17";5954;2014;12
"2014-12-18";6111;2014;12
"2014-12-19";5612;2014;12
"2014-12-20";3652;2014;12
"2014-12-21";3674;2014;12
"2014-12-22";6301;2014;12
"2014-12-23";4138;2014;12
"2014-12-24";2539;2014;12
"2014-12-25";1954;2014;12
"2014-12-26";3550;2014;12
"2014-12-27";2682;2014;12
"2014-12-28";2641;2014;12
"2014-12-29";43463;2015;12
"2014-12-30";2710;2015;12
"2014-12-31";1879;2015;12
"2015-01-01";1503;2015;1
"2015-01-02";3432;2015;1
"2015-01-03";2653;2015;1
"2015-01-04";3289;2015;1
"2015-01-05";6479;2015;1
"2015-01-06";6385;2015;1
"2015-01-07";5850;2015;1
"2015-01-08";5969;2015;1
"2015-01-09";5862;2015;1
"2015-01-10";3456;2015;1
"2015-01-11";3335;2015;1
"2015-01-12";5566;2015;1
"2015-01-13";5196;2015;1
"2015-01-14";4451;2015;1
"2015-01-15";4681;2015;1
"2015-01-16";4987;2015;1
"2015-01-17";2993;2015;1
"2015-01-18";3140;2015;1
"2015-01-19";5143;2015;1
"2015-01-20";5058;2015;1
"2015-01-21";4688;2015;1
"2015-01-22";5223;2015;1
"2015-01-23";5564;2015;1
"2015-01-24";2943;2015;1
"2015-01-25";2708;2015;1
"2015-01-26";4930;2015;1
"2015-01-27";4189;2015;1
"2015-01-28";48211;2015;1
"2015-01-29";5445;2015;1
"2015-01-30";5497;2015;1
"2015-01-31";3444;2015;1
"2015-02-01";3080;2015;2
"2015-02-02";5675;2015;2
"2015-02-03";4069;2015;2
"2015-02-04";6426;2015;2
"2015-02-05";5288;2015;2
"2015-02-06";5443;2015;2
"2015-02-07";3060;2015;2
"2015-02-08";2677;2015;2
"2015-02-09";6022;2015;2
"2015-02-10";5828;2015;2
"2015-02-11";5916;2015;2
"2015-02-12";6135;2015;2
"2015-02-13";5606;2015;2
"2015-02-14";3099;2015;2
"2015-02-15";2821;2015;2
"2015-02-16";3772;2015;2
"2015-02-17";2805;2015;2
"2015-02-18";4983;2015;2
"2015-02-19";5212;2015;2
"2015-02-20";5949;2015;2
"2015-02-21";2936;2015;2
"2015-02-22";2505;2015;2
"2015-02-23";5495;2015;2
"2015-02-24";3520;2015;2
"2015-02-25";3920;2015;2
"2015-02-26";4246;2015;2
"2015-02-27";6034;2015;2
"2015-02-28";2714;2015;2
"2015-03-01";2368;2015;3
"2015-03-02";6169;2015;3
"2015-03-03";8305;2015;3
"2015-03-04";10482;2015;3
"2015-03-05";40966;2015;3
"2015-03-06";12022;2015;3
"2015-03-07";12129;2015;3
"2015-03-08";5101;2015;3
"2015-03-09";9689;2015;3
"2015-03-10";8661;2015;3
"2015-03-11";8968;2015;3
"2015-03-12";8041;2015;3
"2015-03-13";7749;2015;3
"2015-03-14";4992;2015;3
"2015-03-15";4978;2015;3
"2015-03-16";8819;2015;3
"2015-03-17";9034;2015;3
"2015-03-18";11902;2015;3
"2015-03-19";7870;2015;3
"2015-03-20";8619;2015;3
"2015-03-21";5004;2015;3
"2015-03-22";5198;2015;3
"2015-03-23";10474;2015;3
"2015-03-24";8852;2015;3
"2015-03-25";8604;2015;3
"2015-03-26";8091;2015;3
"2015-03-27";9008;2015;3
"2015-03-28";5606;2015;3
"2015-03-29";6315;2015;3
"2015-03-30";10265;2015;3
"2015-03-31";9299;2015;3
"2015-04-01";75387;2015;4
"2015-04-02";7598;2015;4
"2015-04-03";4268;2015;4
"2015-04-04";3609;2015;4
"2015-04-05";4126;2015;4
"2015-04-06";12572;2015;4
"2015-04-07";10592;2015;4
"2015-04-08";10301;2015;4
"2015-04-09";10048;2015;4
"2015-04-10";9622;2015;4
"2015-04-11";6146;2015;4
"2015-04-12";6391;2015;4
"2015-04-13";10813;2015;4
"2015-04-14";8979;2015;4
"2015-04-15";10525;2015;4
"2015-04-16";8953;2015;4
"2015-04-17";7797;2015;4
"2015-04-18";4653;2015;4
"2015-04-19";4252;2015;4
"2015-04-20";7704;2015;4
"2015-04-21";5767;2015;4
"2015-04-22";8772;2015;4
"2015-04-23";8742;2015;4
"2015-04-24";6532;2015;4
"2015-04-25";3757;2015;4
"2015-04-26";3737;2015;4
"2015-04-27";7911;2015;4
"2015-04-28";7811;2015;4
"2015-04-29";72230;2015;4
"2015-04-30";4781;2015;4
"2015-05-01";3944;2015;5
"2015-05-02";3387;2015;5
"2015-05-03";3996;2015;5
"2015-05-04";8616;2015;5
"2015-05-05";8919;2015;5
"2015-05-06";7888;2015;5
"2015-05-07";8228;2015;5
"2015-05-08";7319;2015;5
"2015-05-09";3660;2015;5
"2015-05-10";3341;2015;5
"2015-05-11";9355;2015;5
"2015-05-12";8424;2015;5
"2015-05-13";8497;2015;5
"2015-05-14";9018;2015;5
"2015-05-15";7742;2015;5
"2015-05-16";3740;2015;5
"2015-05-17";4379;2015;5
"2015-05-18";8687;2015;5
"2015-05-19";8354;2015;5
"2015-05-20";8325;2015;5
"2015-05-21";8708;2015;5
"2015-05-22";7360;2015;5
"2015-05-23";3734;2015;5
"2015-05-24";4246;2015;5
"2015-05-25";9507;2015;5
"2015-05-26";8924;2015;5
"2015-05-27";8595;2015;5
"2015-05-28";7684;2015;5
"2015-05-29";29507;2015;5
"2015-05-30";3569;2015;5
"2015-05-31";3388;2015;5
"2015-06-01";7787;2015;6
"2015-06-02";8095;2015;6
"2015-06-03";7722;2015;6
"2015-06-04";4232;2015;6
"2015-06-05";6831;2015;6
"2015-06-06";3996;2015;6
"2015-06-07";4264;2015;6
"2015-06-08";11576;2015;6
"2015-06-09";10251;2015;6
"2015-06-10";9748;2015;6
"2015-06-11";8291;2015;6
"2015-06-12";6769;2015;6
"2015-06-13";4410;2015;6
"2015-06-14";4405;2015;6
"2015-06-15";8280;2015;6
"2015-06-16";8739;2015;6
"2015-06-17";8208;2015;6
"2015-06-18";7711;2015;6
"2015-06-19";6341;2015;6
"2015-06-20";3553;2015;6
"2015-06-21";3823;2015;6
"2015-06-22";8454;2015;6
"2015-06-23";8043;2015;6
"2015-06-24";7300;2015;6
"2015-06-25";7200;2015;6
"2015-06-26";24886;2015;6
"2015-06-27";4848;2015;6
"2015-06-28";5055;2015;6
"2015-06-29";9057;2015;6
"2015-06-30";6467;2015;6
"2015-07-01";52095;2015;7
"2015-07-02";7539;2015;7
"2015-07-03";7161;2015;7
"2015-07-04";3449;2015;7
"2015-07-05";3534;2015;7
"2015-07-06";7827;2015;7
"2015-07-07";7409;2015;7
"2015-07-08";7344;2015;7
"2015-07-09";7019;2015;7
"2015-07-10";6017;2015;7
"2015-07-11";3214;2015;7
"2015-07-12";4066;2015;7
"2015-07-13";8233;2015;7
"2015-07-14";7819;2015;7
"2015-07-15";6891;2015;7
"2015-07-16";7396;2015;7
"2015-07-17";6205;2015;7
"2015-07-18";2318;2015;7
"2015-07-19";2700;2015;7
"2015-07-20";7536;2015;7
"2015-07-21";7427;2015;7
"2015-07-22";7242;2015;7
"2015-07-23";6948;2015;7
"2015-07-24";6024;2015;7
"2015-07-25";3183;2015;7
"2015-07-26";3231;2015;7
"2015-07-27";7633;2015;7
"2015-07-28";8792;2015;7
"2015-07-29";7712;2015;7
"2015-07-30";8056;2015;7
"2015-07-31";6345;2015;7
"2015-08-01";3666;2015;8
"2015-08-02";3637;2015;8
"2015-08-03";46473;2015;8
"2015-08-04";28695;2015;8
"2015-08-05";7855;2015;8
"2015-08-06";17968;2015;8
"2015-08-07";7568;2015;8
"2015-08-08";3526;2015;8
"2015-08-09";3362;2015;8
"2015-08-10";8500;2015;8
"2015-08-11";8324;2015;8
"2015-08-12";7638;2015;8
"2015-08-13";20355;2015;8
"2015-08-14";16296;2015;8
"2015-08-15";3334;2015;8
"2015-08-16";3612;2015;8
"2015-08-17";8315;2015;8
"2015-08-18";7698;2015;8
"2015-08-19";7430;2015;8
"2015-08-20";6966;2015;8
"2015-08-21";7451;2015;8
"2015-08-22";4130;2015;8
"2015-08-23";4304;2015;8
"2015-08-24";8614;2015;8
"2015-08-25";7669;2015;8
"2015-08-26";7550;2015;8
"2015-08-27";7376;2015;8
"2015-08-28";17297;2015;8
"2015-08-29";3169;2015;8
"2015-08-30";2913;2015;8
"2015-08-31";5865;2015;8
"2015-09-01";69909;2015;9
"2015-09-02";7407;2015;9
"2015-09-03";6590;2015;9
"2015-09-04";12218;2015;9
"2015-09-05";2985;2015;9
"2015-09-06";2035;2015;9
"2015-09-07";3585;2015;9
"2015-09-08";6358;2015;9
"2015-09-09";7055;2015;9
"2015-09-10";7396;2015;9
"2015-09-11";7025;2015;9
"2015-09-12";2754;2015;9
"2015-09-13";3784;2015;9
"2015-09-14";8272;2015;9
"2015-09-15";11236;2015;9
"2015-09-16";6485;2015;9
"2015-09-17";6495;2015;9
"2015-09-18";7055;2015;9
"2015-09-19";3434;2015;9
"2015-09-20";3810;2015;9
"2015-09-21";33793;2015;9
"2015-09-22";7026;2015;9
"2015-09-23";6500;2015;9
"2015-09-24";6379;2015;9
"2015-09-25";6402;2015;9
"2015-09-26";3160;2015;9
"2015-09-27";3136;2015;9
"2015-09-28";8139;2015;9
"2015-09-29";6615;2015;9
"2015-09-30";6726;2015;9
"2015-10-01";5815;2015;10
"2015-10-02";39707;2015;10
"2015-10-03";2573;2015;10
"2015-10-04";3224;2015;10
"2015-10-05";6439;2015;10
"2015-10-06";5844;2015;10
"2015-10-07";5362;2015;10
"2015-10-08";5403;2015;10
"2015-10-09";12241;2015;10
"2015-10-10";2570;2015;10
"2015-10-11";1443;2015;10
"2015-10-12";2885;2015;10
"2015-10-13";5959;2015;10
"2015-10-14";5655;2015;10
"2015-10-15";5772;2015;10
"2015-10-16";5489;2015;10
"2015-10-17";2814;2015;10
"2015-10-18";2726;2015;10
"2015-10-19";6378;2015;10
"2015-10-20";6489;2015;10
"2015-10-21";35015;2015;10
"2015-10-22";6122;2015;10
"2015-10-23";5813;2015;10
"2015-10-24";2836;2015;10
"2015-10-25";2956;2015;10
"2015-10-26";6071;2015;10
"2015-10-27";5721;2015;10
"2015-10-28";6023;2015;10
"2015-10-29";6131;2015;10
"2015-10-30";6465;2015;10
"2015-10-31";3017;2015;10
"2015-11-01";2074;2015;11
"2015-11-02";3336;2015;11
"2015-11-03";5911;2015;11
"2015-11-04";5278;2015;11
"2015-11-05";63388;2015;11
"2015-11-06";5687;2015;11
"2015-11-07";3365;2015;11
"2015-11-08";2620;2015;11
"2015-11-09";6202;2015;11
"2015-11-10";5570;2015;11
"2015-11-11";4149;2015;11
"2015-11-12";2557;2015;11
"2015-11-13";2531;2015;11
"2015-11-14";2090;2015;11
"2015-11-15";2367;2015;11
"2015-11-16";3695;2015;11
"2015-11-17";3212;2015;11
"2015-11-18";3125;2015;11
"2015-11-19";3515;2015;11
"2015-11-20";3281;2015;11
"2015-11-21";2029;2015;11
"2015-11-22";2172;2015;11
"2015-11-23";62686;2015;11
"2015-11-24";4739;2015;11
"2015-11-25";3848;2015;11
"2015-11-26";5275;2015;11
"2015-11-27";4236;2015;11
"2015-11-28";1653;2015;11
"2015-11-29";1475;2015;11
"2015-11-30";3285;2015;11
"2015-12-01";68647;2015;12
"2015-12-02";3285;2015;12
"2015-12-03";3085;2015;12
"2015-12-04";2639;2015;12
"2015-12-05";915;2015;12
"2015-12-06";1952;2015;12
"2015-12-07";7647;2015;12
"2015-12-08";4844;2015;12
"2015-12-09";4560;2015;12
"2015-12-10";4699;2015;12
"2015-12-11";4381;2015;12
"2015-12-12";2380;2015;12
"2015-12-13";2338;2015;12
"2015-12-14";5570;2015;12
"2015-12-15";4820;2015;12
"2015-12-16";4866;2015;12
"2015-12-17";4733;2015;12
"2015-12-18";6174;2015;12
"2015-12-19";2879;2015;12
"2015-12-20";2570;2015;12
"2015-12-21";40664;2015;12
"2015-12-22";5238;2015;12
"2015-12-23";4564;2015;12
"2015-12-24";1883;2015;12
"2015-12-25";980;2015;12
"2015-12-26";2263;2015;12
"2015-12-27";2075;2015;12
"2015-12-28";5102;2015;12
"2015-12-29";4881;2015;12
"2015-12-30";3125;2015;12
"2015-12-31";1219;2015;12
"2016-01-01";676;2015;1
"2016-01-02";1721;2015;1
"2016-01-03";2137;2015;1
"2016-01-04";6975;2016;1
"2016-01-05";5965;2016;1
"2016-01-06";5631;2016;1
"2016-01-07";6994;2016;1
"2016-01-08";6460;2016;1
"2016-01-09";3233;2016;1
"2016-01-10";4093;2016;1
"2016-01-11";7539;2016;1
"2016-01-12";86811;2016;1
"2016-01-13";5643;2016;1
"2016-01-14";6973;2016;1
"2016-01-15";42568;2016;1
"2016-01-16";3765;2016;1
"2016-01-17";3501;2016;1
"2016-01-18";7928;2016;1
"2016-01-19";7076;2016;1
"2016-01-20";6345;2016;1
"2016-01-21";7917;2016;1
"2016-01-22";13074;2016;1
"2016-01-23";4318;2016;1
"2016-01-24";4589;2016;1
"2016-01-25";9829;2016;1
"2016-01-26";7559;2016;1
"2016-01-27";8045;2016;1
"2016-01-28";8824;2016;1
"2016-01-29";9610;2016;1
"2016-01-30";3790;2016;1
"2016-01-31";3027;2016;1
"2016-02-01";7062;2016;2
"2016-02-02";7167;2016;2
"2016-02-03";10470;2016;2
"2016-02-04";7340;2016;2
"2016-02-05";5181;2016;2
"2016-02-06";2948;2016;2
"2016-02-07";2611;2016;2
"2016-02-08";3843;2016;2
"2016-02-09";3285;2016;2
"2016-02-10";5789;2016;2
"2016-02-11";5811;2016;2
"2016-02-12";38100;2016;2
"2016-02-13";3803;2016;2
"2016-02-14";3919;2016;2
"2016-02-15";54650;2016;2
"2016-02-16";7645;2016;2
"2016-02-17";7487;2016;2
"2016-02-18";8148;2016;2
"2016-02-19";7378;2016;2
"2016-02-20";4312;2016;2
"2016-02-21";4352;2016;2
"2016-02-22";9635;2016;2
"2016-02-23";6950;2016;2
"2016-02-24";7479;2016;2
"2016-02-25";48762;2016;2
"2016-02-26";6189;2016;2
"2016-02-27";3848;2016;2
"2016-02-28";3491;2016;2
"2016-02-29";7704;2016;2
"2016-03-01";6789;2016;3
"2016-03-02";6866;2016;3
"2016-03-03";11470;2016;3
"2016-03-04";67245;2016;3
"2016-03-05";4014;2016;3
"2016-03-06";4138;2016;3
"2016-03-07";8284;2016;3
"2016-03-08";7010;2016;3
"2016-03-09";8393;2016;3
"2016-03-10";7548;2016;3
"2016-03-11";8165;2016;3
"2016-03-12";3730;2016;3
"2016-03-13";4294;2016;3
"2016-03-14";8972;2016;3
"2016-03-15";7984;2016;3
"2016-03-16";7872;2016;3
"2016-03-17";6264;2016;3
"2016-03-18";5802;2016;3
"2016-03-19";4085;2016;3
"2016-03-20";4151;2016;3
"2016-03-21";51732;2016;3
"2016-03-22";8179;2016;3
"2016-03-23";7116;2016;3
"2016-03-24";8861;2016;3
"2016-03-25";5030;2016;3
"2016-03-26";2266;2016;3
"2016-03-27";2705;2016;3
"2016-03-28";7242;2016;3
"2016-03-29";8331;2016;3
"2016-03-30";8279;2016;3
"2016-03-31";8682;2016;3
"2016-04-01";8277;2016;4
"2016-04-02";4332;2016;4
"2016-04-03";4178;2016;4
"2016-04-04";47864;2016;4
"2016-04-05";8863;2016;4
"2016-04-06";8316;2016;4
"2016-04-07";9447;2016;4
"2016-04-08";10596;2016;4
"2016-04-09";9707;2016;4
"2016-04-10";6272;2016;4
"2016-04-11";8489;2016;4
"2016-04-12";9348;2016;4
"2016-04-13";8241;2016;4
"2016-04-14";8996;2016;4
"2016-04-15";6724;2016;4
"2016-04-16";3720;2016;4
"2016-04-17";3771;2016;4
"2016-04-18";8622;2016;4
"2016-04-19";9692;2016;4
"2016-04-20";11534;2016;4
"2016-04-21";5548;2016;4
"2016-04-22";57570;2016;4
"2016-04-23";7354;2016;4
"2016-04-24";3491;2016;4
"2016-04-25";8686;2016;4
"2016-04-26";8606;2016;4
"2016-04-27";8552;2016;4
"2016-04-28";8117;2016;4
"2016-04-29";11804;2016;4
"2016-04-30";6782;2016;4
"2016-05-01";3283;2016;5
"2016-05-02";66514;2016;5
"2016-05-03";38544;2016;5
"2016-05-04";14908;2016;5
"2016-05-05";7836;2016;5
"2016-05-06";9652;2016;5
"2016-05-07";5989;2016;5
"2016-05-08";2800;2016;5
"2016-05-09";8307;2016;5
"2016-05-10";7576;2016;5
"2016-05-11";7015;2016;5
"2016-05-12";7073;2016;5
"2016-05-13";7701;2016;5
"2016-05-14";4602;2016;5
"2016-05-15";2989;2016;5
"2016-05-16";40463;2016;5
"2016-05-17";7040;2016;5
"2016-05-18";6171;2016;5
"2016-05-19";7021;2016;5
"2016-05-20";5661;2016;5
"2016-05-21";2624;2016;5
"2016-05-22";2892;2016;5
"2016-05-23";7181;2016;5
"2016-05-24";6061;2016;5
"2016-05-25";4080;2016;5
"2016-05-26";479;2016;5
"2016-05-27";2398;2016;5
"2016-05-28";2716;2016;5
"2016-05-29";2630;2016;5
"2016-05-30";7763;2016;5
"2016-05-31";6036;2016;5
"2016-06-01";56753;2016;6
"2016-06-02";6871;2016;6
"2016-06-03";4938;2016;6
"2016-06-04";2740;2016;6
"2016-06-05";2846;2016;6
"2016-06-06";7835;2016;6
"2016-06-07";6481;2016;6
"2016-06-08";6650;2016;6
"2016-06-09";7398;2016;6
"2016-06-10";5590;2016;6
"2016-06-11";2279;2016;6
"2016-06-12";2348;2016;6
"2016-06-13";6683;2016;6
"2016-06-14";6707;2016;6
"2016-06-15";5893;2016;6
"2016-06-16";6139;2016;6
"2016-06-17";28199;2016;6
"2016-06-18";5523;2016;6
"2016-06-19";6249;2016;6
"2016-06-20";61829;2016;6
"2016-06-21";10143;2016;6
"2016-06-22";8690;2016;6
"2016-06-23";7767;2016;6
"2016-06-24";6835;2016;6
"2016-06-25";5599;2016;6
"2016-06-26";4975;2016;6
"2016-06-27";6129;2016;6
"2016-06-28";4859;2016;6
"2016-06-29";5601;2016;6
"2016-06-30";5207;2016;6
"2016-07-01";8181;2016;7
"2016-07-02";7385;2016;7
"2016-07-03";9558;2016;7
"2016-07-04";69780;2016;7
"2016-07-05";22562;2016;7
"2016-07-06";24154;2016;7
"2016-07-07";6907;2016;7
"2016-07-08";7170;2016;7
"2016-07-09";2667;2016;7
"2016-07-10";2621;2016;7
"2016-07-11";8761;2016;7
"2016-07-12";8990;2016;7
"2016-07-13";8062;2016;7
"2016-07-14";7714;2016;7
"2016-07-15";6925;2016;7
"2016-07-16";2609;2016;7
"2016-07-17";2059;2016;7
"2016-07-18";6698;2016;7
"2016-07-19";6154;2016;7
"2016-07-20";12847;2016;7
"2016-07-21";38460;2016;7
"2016-07-22";9172;2016;7
"2016-07-23";7881;2016;7
"2016-07-24";10559;2016;7
"2016-07-25";15758;2016;7
"2016-07-26";15008;2016;7
"2016-07-27";11588;2016;7
"2016-07-28";7644;2016;7
"2016-07-29";6870;2016;7
"2016-07-30";8480;2016;7
"2016-07-31";10997;2016;7
"2016-08-01";14517;2016;8
"2016-08-02";16006;2016;8
"2016-08-03";37290;2016;8
"2016-08-04";68159;2016;8
"2016-08-05";62907;2016;8
"2016-08-06";7330;2016;8
"2016-08-07";10281;2016;8
"2016-08-08";58713;2016;8
"2016-08-09";21108;2016;8
"2016-08-10";14653;2016;8
"2016-08-11";11428;2016;8
"2016-08-12";13420;2016;8
"2016-08-13";18558;2016;8
"2016-08-14";11816;2016;8
"2016-08-15";20280;2016;8
"2016-08-16";42321;2016;8
"2016-08-17";12810;2016;8
"2016-08-18";12384;2016;8
"2016-08-19";11835;2016;8
"2016-08-20";9911;2016;8
"2016-08-21";11137;2016;8
"2016-08-22";15135;2016;8
"2016-08-23";6798;2016;8
"2016-08-24";5467;2016;8
"2016-08-25";6413;2016;8
"2016-08-26";9657;2016;8
"2016-08-27";10876;2016;8
"2016-08-28";11433;2016;8
"2016-08-29";26939;2016;8
"2016-08-30";16204;2016;8
"2016-08-31";12365;2016;8
"2016-09-01";46230;2016;9
"2016-09-02";49555;2016;9
"2016-09-03";15041;2016;9
"2016-09-04";8312;2016;9
"2016-09-05";12352;2016;9
"2016-09-06";10092;2016;9
"2016-09-07";5689;2016;9
"2016-09-08";6628;2016;9
"2016-09-09";8059;2016;9
"2016-09-10";7385;2016;9
"2016-09-11";10238;2016;9
"2016-09-12";81754;2016;9
"2016-09-13";13199;2016;9
"2016-09-14";9619;2016;9
"2016-09-15";6647;2016;9
"2016-09-16";7110;2016;9
"2016-09-17";7846;2016;9
"2016-09-18";10175;2016;9
"2016-09-19";15518;2016;9
"2016-09-20";15133;2016;9
"2016-09-21";12220;2016;9
"2016-09-22";9390;2016;9
"2016-09-23";9786;2016;9
"2016-09-24";9487;2016;9
"2016-09-25";9974;2016;9
"2016-09-26";14512;2016;9
"2016-09-27";14460;2016;9
"2016-09-28";11533;2016;9
"2016-09-29";9376;2016;9
"2016-09-30";7919;2016;9
"2016-10-01";7412;2016;10
"2016-10-02";10228;2016;10
"2016-10-03";94004;2016;10
"2016-10-04";12767;2016;10
"2016-10-05";9277;2016;10
"2016-10-06";7457;2016;10
"2016-10-07";8070;2016;10
"2016-10-08";6862;2016;10
"2016-10-09";6802;2016;10
"2016-10-10";10353;2016;10
"2016-10-11";11912;2016;10
"2016-10-12";8047;2016;10
"2016-10-13";10415;2016;10
"2016-10-14";8010;2016;10
"2016-10-15";6308;2016;10
"2016-10-16";9330;2016;10
"2016-10-17";14226;2016;10
"2016-10-18";13277;2016;10
"2016-10-19";8162;2016;10
"2016-10-20";31809;2016;10
"2016-10-21";7363;2016;10
"2016-10-22";6394;2016;10
"2016-10-23";6342;2016;10
"2016-10-24";11532;2016;10
"2016-10-25";10310;2016;10
"2016-10-26";7134;2016;10
"2016-10-27";5827;2016;10
"2016-10-28";6098;2016;10
"2016-10-29";1597;2016;10
"2016-10-30";1651;2016;10
"2016-10-31";7907;2016;10
"2016-11-01";4970;2016;11
"2016-11-02";2316;2016;11
"2016-11-03";5745;2016;11
"2016-11-04";4639;2016;11
"2016-11-05";1194;2016;11
"2016-11-06";1568;2016;11
"2016-11-07";5022;2016;11
"2016-11-08";4960;2016;11
"2016-11-09";6155;2016;11
"2016-11-10";7812;2016;11
"2016-11-11";63842;2016;11
"2016-11-12";1537;2016;11
"2016-11-13";4630;2016;11
"2016-11-14";58750;2016;11
"2016-11-15";9988;2016;11
"2016-11-16";12805;2016;11
"2016-11-17";8388;2016;11
"2016-11-18";9982;2016;11
"2016-11-19";8092;2016;11
"2016-11-20";10891;2016;11
"2016-11-21";18635;2016;11
"2016-11-22";15791;2016;11
"2016-11-23";15794;2016;11
"2016-11-24";93342;2016;11
"2016-11-25";10244;2016;11
"2016-11-26";7312;2016;11
"2016-11-27";10141;2016;11
"2016-11-28";24048;2016;11
"2016-11-29";19136;2016;11
"2016-11-30";17288;2016;11
"2016-12-01";48106;2016;12
"2016-12-02";28834;2016;12
"2016-12-03";7881;2016;12
"2016-12-04";10505;2016;12
"2016-12-05";14411;2016;12
"2016-12-06";16481;2016;12
"2016-12-07";11191;2016;12
"2016-12-08";97555;2016;12
"2016-12-09";108093;2016;12
"2016-12-10";7622;2016;12
"2016-12-11";9251;2016;12
"2016-12-12";17779;2016;12
"2016-12-13";18729;2016;12
"2016-12-14";16852;2016;12
"2016-12-15";10615;2016;12
"2016-12-16";14323;2016;12
"2016-12-17";9559;2016;12
"2016-12-18";12576;2016;12
"2016-12-19";21287;2016;12
"2016-12-20";17977;2016;12
"2016-12-21";13699;2016;12
"2016-12-22";10391;2016;12
"2016-12-23";7084;2016;12
"2016-12-24";1567;2016;12
"2016-12-25";1006;2016;12
"2016-12-26";5885;2016;12
"2016-12-27";5843;2016;12
"2016-12-28";7281;2016;12
"2016-12-29";5438;2016;12
"2016-12-30";3556;2016;12
"2016-12-31";1480;2016;12
"2017-01-01";1048;2016;1
"2017-01-02";95048;2017;1
"2017-01-03";19072;2017;1
"2017-01-04";17031;2017;1
"2017-01-05";13717;2017;1
"2017-01-06";12650;2017;1
"2017-01-07";9414;2017;1
"2017-01-08";12249;2017;1
"2017-01-09";75584;2017;1
"2017-01-10";20340;2017;1
"2017-01-11";16684;2017;1
"2017-01-12";13452;2017;1
"2017-01-13";13341;2017;1
"2017-01-14";9573;2017;1
"2017-01-15";12476;2017;1
"2017-01-16";19274;2017;1
"2017-01-17";21052;2017;1
"2017-01-18";18354;2017;1
"2017-01-19";13963;2017;1
"2017-01-20";13632;2017;1
"2017-01-21";10186;2017;1
"2017-01-22";12783;2017;1
"2017-01-23";21549;2017;1
"2017-01-24";20491;2017;1
"2017-01-25";18584;2017;1
"2017-01-26";13877;2017;1
"2017-01-27";47224;2017;1
"2017-01-28";9982;2017;1
"2017-01-29";13143;2017;1
"2017-01-30";20530;2017;1
"2017-01-31";22638;2017;1
"2017-02-01";108210;2017;2
"2017-02-02";13964;2017;2
"2017-02-03";12219;2017;2
"2017-02-04";10230;2017;2
"2017-02-05";13467;2017;2
"2017-02-06";20878;2017;2
"2017-02-07";21629;2017;2
"2017-02-08";17731;2017;2
"2017-02-09";13330;2017;2
"2017-02-10";12817;2017;2
"2017-02-11";11193;2017;2
"2017-02-12";14428;2017;2
"2017-02-13";22188;2017;2
"2017-02-14";21834;2017;2
"2017-02-15";16695;2017;2
"2017-02-16";13631;2017;2
"2017-02-17";15708;2017;2
"2017-02-18";9298;2017;2
"2017-02-19";10820;2017;2
"2017-02-20";16897;2017;2
"2017-02-21";17555;2017;2
"2017-02-22";17160;2017;2
"2017-02-23";73543;2017;2
"2017-02-24";13223;2017;2
"2017-02-25";6522;2017;2
"2017-02-26";6156;2017;2
"2017-02-27";11205;2017;2
"2017-02-28";14002;2017;2
"2017-03-01";104676;2017;3
"2017-03-02";13552;2017;3
"2017-03-03";14444;2017;3
"2017-03-04";10242;2017;3
"2017-03-05";14168;2017;3
"2017-03-06";26559;2017;3
"2017-03-07";20426;2017;3
"2017-03-08";15581;2017;3
"2017-03-09";13026;2017;3
"2017-03-10";12375;2017;3
"2017-03-11";9985;2017;3
"2017-03-12";12088;2017;3
"2017-03-13";19917;2017;3
"2017-03-14";17958;2017;3
"2017-03-15";15049;2017;3
"2017-03-16";14939;2017;3
"2017-03-17";13954;2017;3
"2017-03-18";9627;2017;3
"2017-03-19";10238;2017;3
"2017-03-20";25898;2017;3
"2017-03-21";76342;2017;3
"2017-03-22";17423;2017;3
"2017-03-23";13849;2017;3
"2017-03-24";12674;2017;3
"2017-03-25";9494;2017;3
"2017-03-26";12209;2017;3
"2017-03-27";18926;2017;3
"2017-03-28";19262;2017;3
"2017-03-29";17078;2017;3
"2017-03-30";13316;2017;3
"2017-03-31";12191;2017;3
"2017-04-01";9196;2017;4
"2017-04-02";7538;2017;4
"2017-04-03";92257;2017;4
"2017-04-04";42370;2017;4
"2017-04-05";15984;2017;4
"2017-04-06";13008;2017;4
"2017-04-07";13027;2017;4
"2017-04-08";9883;2017;4
"2017-04-09";12074;2017;4
"2017-04-10";19864;2017;4
"2017-04-11";10610;2017;4
"2017-04-12";9538;2017;4
"2017-04-13";83847;2017;4
"2017-04-14";3766;2017;4
"2017-04-15";2736;2017;4
"2017-04-16";1626;2017;4
"2017-04-17";16504;2017;4
"2017-04-18";14379;2017;4
"2017-04-19";17671;2017;4
"2017-04-20";11385;2017;4
"2017-04-21";8847;2017;4
"2017-04-22";9793;2017;4
"2017-04-23";11994;2017;4
"2017-04-24";19975;2017;4
"2017-04-25";20876;2017;4
"2017-04-26";17707;2017;4
"2017-04-27";12365;2017;4
"2017-04-28";8478;2017;4
"2017-04-29";7133;2017;4
"2017-04-30";8810;2017;4
"2017-05-01";9786;2017;5
"2017-05-02";86587;2017;5
"2017-05-03";25788;2017;5
"2017-05-04";17196;2017;5
"2017-05-05";13419;2017;5
"2017-05-06";10726;2017;5
"2017-05-07";11932;2017;5
"2017-05-08";23420;2017;5
"2017-05-09";19333;2017;5
"2017-05-10";16399;2017;5
"2017-05-11";12778;2017;5
"2017-05-12";15927;2017;5
"2017-05-13";9692;2017;5
"2017-05-14";11000;2017;5
"2017-05-15";19997;2017;5
"2017-05-16";23534;2017;5
"2017-05-17";15773;2017;5
"2017-05-18";17336;2017;5
"2017-05-19";15493;2017;5
"2017-05-20";10149;2017;5
"2017-05-21";11855;2017;5
"2017-05-22";19539;2017;5
"2017-05-23";62988;2017;5
"2017-05-24";25260;2017;5
"2017-05-25";12886;2017;5
"2017-05-26";12589;2017;5
"2017-05-27";10756;2017;5
"2017-05-28";3795;2017;5
"2017-05-29";20558;2017;5
"2017-05-30";18184;2017;5
"2017-05-31";16670;2017;5
"2017-06-01";89145;2017;6
"2017-06-02";37859;2017;6
"2017-06-03";9916;2017;6
"2017-06-04";12047;2017;6
"2017-06-05";19977;2017;6
"2017-06-06";24894;2017;6
"2017-06-07";16515;2017;6
"2017-06-08";13972;2017;6
"2017-06-09";14110;2017;6
"2017-06-10";10936;2017;6
"2017-06-11";12402;2017;6
"2017-06-12";56091;2017;6
"2017-06-13";14453;2017;6
"2017-06-14";10749;2017;6
"2017-06-15";5514;2017;6
"2017-06-16";11902;2017;6
"2017-06-17";10257;2017;6
"2017-06-18";4790;2017;6
"2017-06-19";20370;2017;6
"2017-06-20";19786;2017;6
"2017-06-21";21090;2017;6
"2017-06-22";12442;2017;6
"2017-06-23";12644;2017;6
"2017-06-24";12296;2017;6
"2017-06-25";11705;2017;6
"2017-06-26";23974;2017;6
"2017-06-27";23060;2017;6
"2017-06-28";19357;2017;6
"2017-06-29";106774;2017;6
"2017-06-30";19825;2017;6
"2017-07-01";9953;2017;7
"2017-07-02";11912;2017;7
"2017-07-03";85437;2017;7
"2017-07-04";18933;2017;7
"2017-07-05";14190;2017;7
"2017-07-06";15576;2017;7
"2017-07-07";13065;2017;7
"2017-07-08";10983;2017;7
"2017-07-09";12719;2017;7
"2017-07-10";21088;2017;7
"2017-07-11";20189;2017;7
"2017-07-12";18455;2017;7
"2017-07-13";13796;2017;7
"2017-07-14";14075;2017;7
"2017-07-15";11718;2017;7
"2017-07-16";13739;2017;7
"2017-07-17";21784;2017;7
"2017-07-18";20418;2017;7
"2017-07-19";17127;2017;7
"2017-07-20";13561;2017;7
"2017-07-21";14982;2017;7
"2017-07-22";11945;2017;7
"2017-07-23";12908;2017;7
"2017-07-24";22006;2017;7
"2017-07-25";25843;2017;7
"2017-07-26";26335;2017;7
"2017-07-27";14907;2017;7
"2017-07-28";45290;2017;7
"2017-07-29";11927;2017;7
"2017-07-30";13986;2017;7
"2017-07-31";23845;2017;7
"2017-08-01";21477;2017;8
"2017-08-02";15580;2017;8
"2017-08-03";22963;2017;8
"2017-08-04";33206;2017;8
"2017-08-05";11228;2017;8
"2017-08-06";8737;2017;8
"2017-08-07";24419;2017;8
"2017-08-08";31276;2017;8
"2017-08-09";29723;2017;8
"2017-08-10";89613;2017;8
"2017-08-11";112618;2017;8
"2017-08-12";11505;2017;8
"2017-08-13";9149;2017;8
"2017-08-14";21611;2017;8
"2017-08-15";20727;2017;8
"2017-08-16";17350;2017;8
"2017-08-17";15706;2017;8
"2017-08-18";14815;2017;8
"2017-08-19";12136;2017;8
"2017-08-20";11329;2017;8
"2017-08-21";20454;2017;8
"2017-08-22";20759;2017;8
"2017-08-23";17941;2017;8
"2017-08-24";13574;2017;8
"2017-08-25";11024;2017;8
"2017-08-26";8970;2017;8
"2017-08-27";8041;2017;8
"2017-08-28";19169;2017;8
"2017-08-29";22956;2017;8
"2017-08-30";17452;2017;8
"2017-08-31";13126;2017;8
"2017-09-01";10242;2017;9
"2017-09-02";10759;2017;9
"2017-09-03";6769;2017;9
"2017-09-04";17735;2017;9
"2017-09-05";14698;2017;9
"2017-09-06";12402;2017;9
"2017-09-07";4675;2017;9
"2017-09-08";10143;2017;9
"2017-09-09";7133;2017;9
"2017-09-10";6207;2017;9
"2017-09-11";19349;2017;9
"2017-09-12";17068;2017;9
"2017-09-13";14236;2017;9
"2017-09-14";16412;2017;9
"2017-09-15";12502;2017;9
"2017-09-16";10026;2017;9
"2017-09-17";6883;2017;9
"2017-09-18";59436;2017;9
"2017-09-19";19445;2017;9
"2017-09-20";16325;2017;9
"2017-09-21";40139;2017;9
"2017-09-22";44073;2017;9
"2017-09-23";8362;2017;9
"2017-09-24";7236;2017;9
"2017-09-25";23359;2017;9
"2017-09-26";30425;2017;9
"2017-09-27";42914;2017;9
"2017-09-28";14155;2017;9
"2017-09-29";32276;2017;9
"2017-09-30";10642;2017;9
"2017-10-01";7198;2017;10
"2017-10-02";20877;2017;10
"2017-10-03";17863;2017;10
"2017-10-04";17815;2017;10
"2017-10-05";12555;2017;10
"2017-10-06";25083;2017;10
"2017-10-07";7789;2017;10
"2017-10-08";6614;2017;10
"2017-10-09";74684;2017;10
"2017-10-10";45330;2017;10
"2017-10-11";16066;2017;10
"2017-10-12";4524;2017;10
"2017-10-13";114712;2017;10
"2017-10-14";77652;2017;10
"2017-10-15";5553;2017;10
"2017-10-16";94748;2017;10
"2017-10-17";25869;2017;10
"2017-10-18";31698;2017;10
"2017-10-19";35053;2017;10
"2017-10-20";21163;2017;10
"2017-10-21";8591;2017;10
"2017-10-22";6475;2017;10
"2017-10-23";72765;2017;10
"2017-10-24";94809;2017;10
"2017-10-25";19882;2017;10
"2017-10-26";35563;2017;10
"2017-10-27";37555;2017;10
"2017-10-28";6783;2017;10
"2017-10-29";6005;2017;10
"2017-10-30";20660;2017;10
"2017-10-31";14580;2017;10
"2017-11-01";13107;2017;11
"2017-11-02";4320;2017;11
"2017-11-03";117589;2017;11
"2017-11-04";8032;2017;11
"2017-11-05";6341;2017;11
"2017-11-06";17703;2017;11
"2017-11-07";17989;2017;11
"2017-11-08";16050;2017;11
"2017-11-09";16274;2017;11
"2017-11-10";79639;2017;11
"2017-11-11";8307;2017;11
"2017-11-12";5618;2017;11
"2017-11-13";17282;2017;11
"2017-11-14";22698;2017;11
"2017-11-15";6213;2017;11
"2017-11-16";21139;2017;11
"2017-11-17";30887;2017;11
"2017-11-18";8333;2017;11
"2017-11-19";5716;2017;11
"2017-11-20";21915;2017;11
"2017-11-21";16813;2017;11
"2017-11-22";16061;2017;11
"2017-11-23";23962;2017;11
"2017-11-24";14509;2017;11
"2017-11-25";7272;2017;11
"2017-11-26";5988;2017;11
"2017-11-27";16949;2017;11
"2017-11-28";16991;2017;11
"2017-11-29";17103;2017;11
"2017-11-30";30283;2017;11
"2017-12-01";57885;2017;12
"2017-12-02";19638;2017;12
"2017-12-03";20228;2017;12
"2017-12-04";120002;2017;12
"2017-12-05";19640;2017;12
"2017-12-06";19182;2017;12
"2017-12-07";20765;2017;12
"2017-12-08";20480;2017;12
"2017-12-09";7235;2017;12
"2017-12-10";6842;2017;12
"2017-12-11";21100;2017;12
"2017-12-12";22665;2017;12
"2017-12-13";16990;2017;12
"2017-12-14";15581;2017;12
"2017-12-15";14249;2017;12
"2017-12-16";7647;2017;12
"2017-12-17";6841;2017;12
"2017-12-18";17304;2017;12
"2017-12-19";22823;2017;12
"2017-12-20";23940;2017;12
"2017-12-21";13759;2017;12
"2017-12-22";21527;2017;12
"2017-12-23";3893;2017;12
"2017-12-24";2354;2017;12
"2017-12-25";2218;2017;12
"2017-12-26";117250;2017;12
"2017-12-27";9705;2017;12
"2017-12-28";6703;2017;12
"2017-12-29";4979;2017;12
"2017-12-30";2840;2017;12
"2017-12-31";1174;2017;12
"2018-01-01";2738;2018;1
"2018-01-02";22404;2018;1
"2018-01-03";311393;2018;1
"2018-01-04";143053;2018;1
"2018-01-05";14011;2018;1
"2018-01-06";9470;2018;1
"2018-01-07";7879;2018;1
"2018-01-08";46777;2018;1
"2018-01-09";19404;2018;1
"2018-01-10";19456;2018;1
"2018-01-11";19212;2018;1
"2018-01-12";16137;2018;1
"2018-01-13";8610;2018;1
"2018-01-14";7609;2018;1
"2018-01-15";25700;2018;1
"2018-01-16";21696;2018;1
"2018-01-17";20585;2018;1
"2018-01-18";16504;2018;1
"2018-01-19";15479;2018;1
"2018-01-20";8498;2018;1
"2018-01-21";7911;2018;1
"2018-01-22";20910;2018;1
"2018-01-23";20594;2018;1
"2018-01-24";19052;2018;1
"2018-01-25";16881;2018;1
"2018-01-26";14603;2018;1
"2018-01-27";8241;2018;1
"2018-01-28";7167;2018;1
"2018-01-29";63683;2018;1
"2018-01-30";22085;2018;1
"2018-01-31";21223;2018;1
"2018-02-01";95927;2018;2
"2018-02-02";13240;2018;2
"2018-02-03";7774;2018;2
"2018-02-04";7050;2018;2
"2018-02-05";17065;2018;2
"2018-02-06";18512;2018;2
"2018-02-07";16528;2018;2
"2018-02-08";14868;2018;2
"2018-02-09";14146;2018;2
"2018-02-10";5552;2018;2
"2018-02-11";4527;2018;2
"2018-02-12";8141;2018;2
"2018-02-13";10570;2018;2
"2018-02-14";14625;2018;2
"2018-02-15";22356;2018;2
"2018-02-16";17215;2018;2
"2018-02-17";10902;2018;2
"2018-02-18";10258;2018;2
"2018-02-19";27736;2018;2
"2018-02-20";22162;2018;2
"2018-02-21";21130;2018;2
"2018-02-22";18974;2018;2
"2018-02-23";15165;2018;2
"2018-02-24";10623;2018;2
"2018-02-25";8905;2018;2
"2018-02-26";21123;2018;2
"2018-02-27";23396;2018;2
"2018-02-28";18928;2018;2
"2018-03-01";20406;2018;3
"2018-03-02";17548;2018;3
"2018-03-03";11375;2018;3
"2018-03-04";9486;2018;3
"2018-03-05";101751;2018;3
"2018-03-06";21518;2018;3
"2018-03-07";120940;2018;3
"2018-03-08";16269;2018;3
"2018-03-09";73542;2018;3
"2018-03-10";10076;2018;3
"2018-03-11";8337;2018;3
"2018-03-12";26342;2018;3
"2018-03-13";27909;2018;3
"2018-03-14";20413;2018;3
"2018-03-15";39495;2018;3
"2018-03-16";21931;2018;3
"2018-03-17";10425;2018;3
"2018-03-18";9134;2018;3
"2018-03-19";23214;2018;3
"2018-03-20";85109;2018;3
"2018-03-21";22538;2018;3
"2018-03-22";37997;2018;3
"2018-03-23";25929;2018;3
"2018-03-24";20450;2018;3
"2018-03-25";9426;2018;3
"2018-03-26";21682;2018;3
"2018-03-27";18297;2018;3
"2018-03-28";16842;2018;3
"2018-03-29";18259;2018;3
"2018-03-30";4813;2018;3
"2018-03-31";7713;2018;3
"2018-04-01";6871;2018;4
"2018-04-02";107465;2018;4
"2018-04-03";101989;2018;4
"2018-04-04";33379;2018;4
"2018-04-05";34228;2018;4
"2018-04-06";21020;2018;4
"2018-04-07";11141;2018;4
"2018-04-08";9005;2018;4
"2018-04-09";22995;2018;4
"2018-04-10";26881;2018;4
"2018-04-11";27558;2018;4
"2018-04-12";19579;2018;4
"2018-04-13";18177;2018;4
"2018-04-14";10307;2018;4
"2018-04-15";8789;2018;4
"2018-04-16";22379;2018;4
"2018-04-17";23166;2018;4
"2018-04-18";27585;2018;4
"2018-04-19";23455;2018;4
"2018-04-20";22209;2018;4
"2018-04-21";10334;2018;4
"2018-04-22";8655;2018;4
"2018-04-23";99242;2018;4
"2018-04-24";25597;2018;4
"2018-04-25";31495;2018;4
"2018-04-26";18395;2018;4
"2018-04-27";15663;2018;4
"2018-04-28";6481;2018;4
"2018-04-29";4746;2018;4
"2018-04-30";15735;2018;4
"2018-05-01";10692;2018;5
"2018-05-02";126006;2018;5
"2018-05-03";135579;2018;5
"2018-05-04";18476;2018;5
"2018-05-05";10849;2018;5
"2018-05-06";8952;2018;5
"2018-05-07";27769;2018;5
"2018-05-08";24208;2018;5
"2018-05-09";37551;2018;5
"2018-05-10";18572;2018;5
"2018-05-11";20911;2018;5
"2018-05-12";9513;2018;5
"2018-05-13";7493;2018;5
"2018-05-14";27127;2018;5
"2018-05-15";108792;2018;5
"2018-05-16";33437;2018;5
"2018-05-17";20442;2018;5
"2018-05-18";22148;2018;5
"2018-05-19";10036;2018;5
"2018-05-20";8349;2018;5
"2018-05-21";24299;2018;5
"2018-05-22";20309;2018;5
"2018-05-23";22223;2018;5
"2018-05-24";16579;2018;5
"2018-05-25";14657;2018;5
"2018-05-26";6821;2018;5
"2018-05-27";6525;2018;5
"2018-05-28";92199;2018;5
"2018-05-29";16169;2018;5
"2018-05-30";16223;2018;5
"2018-05-31";6175;2018;5
"2018-06-01";9850;2018;6
"2018-06-02";8583;2018;6
"2018-06-03";8290;2018;6
"2018-06-04";115285;2018;6
"2018-06-05";25105;2018;6
"2018-06-06";21702;2018;6
"2018-06-07";18905;2018;6
"2018-06-08";15419;2018;6
"2018-06-09";9801;2018;6
"2018-06-10";8707;2018;6
"2018-06-11";32241;2018;6
"2018-06-12";35187;2018;6
